Workbook

Sheet README
A1: 땅타 프로젝트 데이터 테이블 0.60v
A2: 기능 설명과 예외는 Markdown 기획서를 기준으로 하고, 이 파일은 표로 조정 가능한 데이터의 원본입니다.
A4: 시트 | B4: 데이터 역할 | C4: 기준 Markdown | D4: 주요 수정 대상 | E4: 상태 | F4: 비고
A5: Global | B5: 판 전체 공통값 | C5: 00 / 01 | D5: 시간, 인원, 할당량, 해금 기준 | E5: 확정/임시 | F5: 공통 원본
A6: Runner | B6: 러너 조작·능력치 | C6: 02 | D6: 이동, 기력, 주파력 | E6: 확정/추후
A7: Economy | B7: 자원·업그레이드·상점 | C7: 09 | D7: 가격, 증가량, 생성량 | E7: 확정/임시/상정/보류
A8: Tower | B8: 센터·공격·지원 | C8: 08 | D8: 가격, 공격 간격, 재사용, 제한 | E8: 확정/추후
A9: Attribute | B9: 속성 | C9: 08 | D9: 확률, 묶음 보너스, 속성 효과 | E9: 확정/추후
A10: Item | B10: 소모품 | C10: 10 | D10: 가격, 지속, 최대 소지, 피해 | E10: 확정/추후
A11: Skill | B11: 스킬 | C11: 11 | D11: 기력, 지속, 재사용 | E11: 확정
A12: Weapon | B12: 무기 | C12: 12 | D12: 가격, 피해, 발사, 탄창 등 | E12: 추후 입력
A13: Monster | B13: 몬스터 | C13: 07 | D13: 체력, 속도, 피해, 보상 | E13: 확정/추후
A14: MonsterPattern | B14: 라플라시아 패턴 | C14: 07 | D14: 패턴 순서·시간 | E14: 확정/추후 | F14: 추가 기획 편입
A15: Wave | B15: 웨이브 이벤트 | C15: 06 | D15: 등장 시각, 수량, 등급 | E15: 확정/추후 | F15: 8~10 미확정
A16: Map | B16: 맵·성소 | C16: 05 | D16: 생성량, 거리, 보상 | E16: 확정/임시/상정
A17: Hazard | B17: 벌레지옥 | C17: 04 / 05 | D17: 범위, 흡입, 폭파 | E17: 임시/확정 | F17: 추가 기획 편입
A18: Artifact | B18: 유물 | C18: 13 | D18: 효과 수치, 범위 | E18: 확정/상정 | F18: 한 판 내 동일 유물 중복 생성 불가
A19: Validation | B19: 정합성 검사 | C19: 20 | D19: 총량·확률 합계 | E19: 자동 | F19: 직접 수정 금지
A20: ChangeLog | B20: 변경 이력 | C20: README | D20: 질문·추가 기획 반영 | E20: 기록

Sheet Global
A1: Global — 공통 게임 데이터
A2: 여러 기능에서 함께 사용하는 판 전체의 단일 기준값입니다. 같은 값을 다른 시트에 중복 입력하지 않습니다.
A4: ID | B4: 범주 | C4: 데이터 키 | D4: 값 | E4: 단위 | F4: 상태 | G4: 기준 문서 | H4: 설명
A5: GL001 | B5: 세션 | C5: 총 플레이어 수 | D5: 2 | E5: 명 | F5: 확정 | G5: 00 핵심 기획 | H5: 러너 1명, 빌더 1명
A6: GL002 | B6: 웨이브 | C6: 전투 시간 | D6: 180 | E6: 초 | F6: 확정 | G6: 06 스테이지 및 웨이브 | H6: 웨이브 전투 구간
A7: GL003 | B7: 웨이브 | C7: 정비 시간 | D7: 30 | E7: 초 | F7: 확정 | G7: 06 스테이지 및 웨이브 | H7: 타워 이전과 준비 구간
A8: GL004 | B8: 트랙 | C8: 확장 사전 경고 | D8: 5 | E8: 초 | F8: 확정 | G8: 06 스테이지 및 웨이브 | H8: 메시지 경고
A9: GL005 | B9: 승리 | C9: 성역 기본 할당량 | D9: 0.1 | E9: 비율 | F9: 임시 | G9: 01 게임 진행 / 05 맵 | H9: 밸런스 조정 가능, 면적 소수점 내림
A10: GL006 | B10: 승리 | C10: 관문 생성 수 | D10: 1 | E10: 개 | F10: 확정 | G10: 05 맵 및 레벨 디자인 | H10: 게임 시작부터 존재
A11: GL007 | B11: 맵 | C11: 관문 후보 지점 | D11: 16 | E11: 개 | F11: 확정 | G11: 05 맵 및 레벨 디자인 | H11: 후보 중 한 곳 선택
A12: GL008 | B12: 유물 | C12: 판당 생성 수 | D12: 2 | E12: 개 | F12: 확정 | G12: 13 유물 기획 | H12: 같은 유물 중복 가능
A13: GL009 | B13: 보급 | C13: 보급품 총 한도 | D13: 10 | E13: 개 | F13: 확정 | G13: 10 아이템 기획 | H13: 대기열과 보급 타워 합계
A14: GL010 | B14: 반복 | C14: 다음 판 전체 초기화 | D14: TRUE | E14: 논리 | F14: 확정 | G14: 01 게임 진행 / 06 웨이브 | H14: 자원·성장·장비·유물·토큰 초기화
A15: GL011 | B15: 협동 | C15: 이탈 시 게임 정지 | D15: TRUE | E15: 논리 | F15: 확정 | G15: 01 게임 진행 및 승패 | H15: 종료 또는 재접속 대기
A16: GL012 | B16: 맵 | C16: 1m당 타일 수 | D16: 1 | E16: 타일 | F16: 확정 | G16: 02 러너 / 05 맵 | H16: 1m = 1타일
A17: GL013 | B17: 해금 | C17: 슬라이드 해금 누적 미네랄 | D17: 1000 | E17: 광물 누적 | F17: 확정 | G17: 09 연구소 경제 업그레이드 | H17: 다음 판에 초기화
A18: GL014 | B18: 해금 | C18: 주파력 1차 해금 누적 가스 | D18: 1000 | E18: 가스 누적 | F18: 확정 | G18: 09 연구소 경제 업그레이드 | H18: 다음 판에 초기화
A19: GL015 | B19: 스테이지 | C19: 빙하설원 자연 지형 | D19: 30 | E19: 개 | F19: 확정 | G19: 05 맵 및 레벨 디자인 | H19: 현재 확정값
A20: GL016 | B20: 스테이지 | C20: 화산지대 벌레지옥 | D20: 20 | E20: 개 | F20: 확정 | G20: 05 맵 및 레벨 디자인 | H20: 현재 확정값

Sheet Runner
A1: Runner — 조작과 능력치
A2: 조작의 상세 결과는 02 플레이어 러너 상세 기획을 확인하고, 이 시트에서는 키와 조정값만 관리합니다.
A4: ID | B4: 행동 | C4: 입력 | D4: 기본값 | E4: 단위 | F4: 보조값 | G4: 보조 단위 | H4: 상태 | I4: 기준 문서 | J4: 메모
A5: 1000 | B5: 이동 | C5: W/A/S/D | H5: 확정 | I5: 02 플레이어 러너
A6: 1001 | B6: 대시 | C6: Shift | D6: 1.5 | E6: 이동속도 배수 | F6: 12.5 | G6: 기력/초 | H6: 확정 | I6: 02 플레이어 러너 | J6: 유지형 또는 설정 토글
A7: 1002 | B7: 슬라이드 | C7: Ctrl | D7: 3 | E7: 시작 속도 배수 | F7: 35 | G7: 기력 | H7: 확정 | I7: 02 플레이어 러너 | J7: 거리 2.5m, 종료 속도 1배
A8: 1003 | B8: 중앙 정보 | C8: Space | D8: 15 | E8: m | F8: 60 | G8: 최대 m | H8: 확정 | I8: 02 플레이어 러너 | J8: 트랙 단계별 15/30/45/60
A9: 1004 | B9: 무기 사용 | C9: Mouse Left | H9: 확정 | I9: 02 플레이어 러너
A10: 1005 | B10: 개척 시작 | C10: Mouse Right | H10: 확정 | I10: 02 러너 / 04 영역 | J10: 영역 경계에서 시작
A11: 1006 | B11: 아이템 사용 | C11: Q | H11: 확정 | I11: 02 러너 / 10 아이템
A12: 1007 | B12: 스킬 사용 | C12: E | D12: 35 | E12: 기력 | H12: 확정 | I12: 11 스킬 기획 | J12: 스킬 공통 비용
A13: 1008 | B13: 상호작용 | C13: F | H13: 확정 | I13: 02 플레이어 러너
A14: 1009 | B14: 스마트 핑 | C14: Alt + Mouse | H14: 추후 입력 | I14: 17 공통 UI·UX | J14: 비주얼 기획 후 입력
A18: ID | B18: 능력치 | C18: 기본값 | D18: 성장 최대 | E18: 특수값 1 | F18: 특수값 2 | G18: 단위 | H18: 상태 | I18: 기준 문서 | J18: 메모
A19: 1100 | B19: 체력 | C19: 300 | D19: 600 | G19: HP | H19: 확정 | I19: 02 플레이어 러너
A20: 1101 | B20: 이동속도 | C20: 1 | D20: 2.2 | E20: 4 | G20: 배수 | H20: 확정 | I20: 02 플레이어 러너 | J20: 특수값1은 순간 최고 속도
A21: 1102 | B21: 기력 | C21: 100 | D21: 200 | E21: 8.333 | F21: 16.66 | G21: 기력/초 | H21: 확정 | I21: 02 플레이어 러너 | J21: 특수값1/2는 기본/최대 회복
A22: 1103 | B22: 주파력 | C22: 30 | D22: 120 | E22: -0.5 | G22: m / 이동속도 비율 | H22: 확정 | I22: 02 러너 / 09 경제 | J22: 기본 30m → 해금 60m → 업그레이드 90m → 120m
A23: 1104 | B23: 피해 감소 | C23: 0 | D23: 0.5 | G23: 비율 | H23: 확정 | I23: 02 플레이어 러너 | J23: 피해 계산 최후순위
A24: 1105 | B24: 무기 공격력 | C24: 1 | D24: 20 | G24: 배수 | H24: 확정 | I24: 02 플레이어 러너 | J24: 모든 무기 공통
A25: 1106 | B25: 주파력 해금 | C25: 능력 해금 | D25: 60 | E25: m | F25: 30 | I25: 확정 | J25: 09 연구소 경제
A26: 1107 | B26: 주파력 업그레이드 1 | C26: 1회 | D26: 90 | E26: m | F26: 60 | I26: 확정 | J26: 09 연구소 경제
A27: 1108 | B27: 주파력 업그레이드 2 | C27: 2회 | D27: 120 | E27: m | F27: 90 | I27: 확정 | J27: 09 연구소 경제

Sheet Economy
A1: Economy — 자원·업그레이드·토큰 상점
A2: 자원 생성 개수는 최초 테스트용 임시값입니다. 총량은 수식으로 계산되며 숫자 셀만 수정합니다.
A4: ID | B4: 자원 | C4: 소형 값 | D4: 소형 개수 | E4: 중형 값 | F4: 중형 개수 | G4: 대형 값 | H4: 대형 개수 | I4: 총 획득량 | J4: 상태 | K4: 메모
A5: 2500 | B5: 광물 | C5: 100 | D5: 24 | E5: 200 | F5: 12 | G5: 300 | H5: 6 | I5: =C5*D5+E5*F5+G5*H5 | J5: 임시 | K5: 시작 지역 추가 자원 포함
A6: 2501 | B6: 가스 | C6: 100 | D6: 12 | E6: 200 | F6: 6 | G6: 300 | H6: 3 | I6: =C6*D6+E6*F6+G6*H6 | J6: 임시 | K6: 광물 총량의 1/2 기준
A9: ID | B9: 대상 | C9: 업그레이드 | D9: 회당 증가 | E9: 단위 | F9: 기본 비용 | G9: 단계 증가 비용 | H9: 재화 | I9: 최대 회수 | J9: 상태 | K9: 메모
A10: 2200 | B10: 타워 속성 | C10: 화염 피해 | D10: 0.05 | E10: 비율 | F10: 100 | G10: 10 | H10: 광물 | J10: 확정 | K10: 100 + 10×N
A11: 2201 | B11: 타워 속성 | C11: 전격 피해 | D11: 0.05 | E11: 비율 | F11: 100 | G11: 10 | H11: 광물 | J11: 확정 | K11: 100 + 10×N
A12: 2202 | B12: 타워 속성 | C12: 생화학 피해 | D12: 0.05 | E12: 비율 | F12: 100 | G12: 10 | H12: 광물 | J12: 확정 | K12: 100 + 10×N
A13: 2203 | B13: 공격 타워 | C13: 센트리건 피해 | D13: 0.2 | E13: 비율 | F13: 100 | G13: 50 | H13: 광물 | I13: 5 | J13: 확정 | K13: 100 + 50×N
A14: 2204 | B14: 공격 타워 | C14: 레일건 피해 | D14: 0.2 | E14: 비율 | F14: 100 | G14: 50 | H14: 광물 | I14: 5 | J14: 확정 | K14: 100 + 50×N
A15: 2205 | B15: 공격 타워 | C15: 미사일 피해 | D15: 0.2 | E15: 비율 | F15: 100 | G15: 50 | H15: 광물 | I15: 5 | J15: 확정 | K15: 100 + 50×N
A16: 2206 | B16: 공격 타워 | C16: 레이저 피해 | D16: 0.2 | E16: 비율 | F16: 100 | G16: 50 | H16: 광물 | I16: 5 | J16: 확정 | K16: 100 + 50×N
A17: 2207 | B17: 공격 타워 | C17: 블레이드 피해 | D17: 0.2 | E17: 비율 | F17: 100 | G17: 50 | H17: 광물 | I17: 5 | J17: 확정 | K17: 100 + 50×N
A18: 2300 | B18: 러너 | C18: 최대 체력 | D18: 75 | E18: HP | F18: 0 | G18: 100 | H18: 가스 | I18: 4 | J18: 확정 | K18: 비용 100×N, N=0부터
A19: 2301 | B19: 러너 | C19: 이동속도 | D19: 0.3 | E19: 배수 | F19: 0 | G19: 100 | H19: 가스 | I19: 4 | J19: 확정 | K19: 비용 100×N
A20: 2302 | B20: 러너 | C20: 최대 기력 | D20: 25 | E20: 기력 | F20: 0 | G20: 100 | H20: 가스 | I20: 4 | J20: 확정 | K20: 비용 100×N
A21: 2303 | B21: 러너 | C21: 기력 회복 | D21: 0.25 | E21: 배수 | F21: 0 | G21: 50 | H21: 가스 | I21: 4 | J21: 확정 | K21: 비용 50×N
A22: 2304 | B22: 러너 | C22: 주파력 | E22: m | F22: 0 | G22: 100 | H22: 가스 | I22: 2 | J22: 확정 | K22: 기본 30m → 능력 해금 60m → 업그레이드 90m → 120m; 비용 100×N
A23: 2305 | B23: 러너 | C23: 무기 공격력 | D23: 0.3 | E23: 배수 | F23: 0 | G23: 100 | H23: 가스 | I23: 4 | J23: 확정 | K23: 비용 100×N
A27: ID | B27: 상품 | C27: 분류 | D27: 토큰 가격 | E27: 구매 시작(초) | F27: 판당 제한 | G27: 수치 1 | H27: 단위 | I27: 상태 | J27: 기준 문서 | K27: 메모
A28: 2400 | B28: 왜곡 깃발 | C28: 일반 | D28: 1 | E28: 0 | G28: 0.5 | H28: 둔화율 | I28: 상정 | J28: 09 연구소 경제 | K28: 둔화율 50%, 트랙 확장 시 토큰 반환
A29: 2401 | B29: 격리 깃발 | C29: 특수 | D29: 1 | E29: 0 | I29: 보류 | J29: 09 연구소 경제 | K29: 기능 추후 설명
A30: 2402 | B30: 나침반 | C30: 일반 | D30: 2 | E30: 0 | I30: 확정 | J30: 09 연구소 경제 | K30: 효과는 해당 판 동안 유지, 판당 1회
A31: 2403 | B31: 지도 | C31: 일반 | D31: 3 | E31: 1500 | F31: 1 | G31: 4 | H31: 방향 수 | I31: 확정 | J31: 09 연구소 경제 | K31: 판당 1회, 25분부터
A32: 2404 | B32: 소울 메이트 뱃지 | C32: 특수 | D32: 5 | E32: 0 | G32: 0.1 | H32: 타워 피해 비율 | I32: 확정 | J32: 09 연구소 경제 | K32: 판당 1회, 중복 구매 불가; 무기 피해 +20%
A33: 2310 | B33: 해금 | C33: 슬라이드 해금 | D33: 1000 | E33: 광물 누적 | J33: 확정 | K33: 다음 판 초기화
A34: 2311 | B34: 해금 | C34: 주파력 1차 해금 | D34: 1000 | E34: 가스 누적 | J34: 확정 | K34: 다음 판 초기화

Sheet Tower
A1: Tower — 타워 조정 데이터
A2: 타워의 역할과 특수 판정은 08 타워 상세 기획을 기준으로 하며, 이 시트에서는 가격·제한·공격주기·재사용 시간을 관리합니다.
A4: ID | B4: 분류 | C4: 타워 | D4: 광물 | E4: 가스 | F4: 최대 수 | G4: 공격 간격 | H4: 투사체 속도 | I4: 판정 | J4: 사거리 순위 | K4: 범위 | L4: 재사용 1 | M4: 재사용 2 | N4: 재사용 3 | O4: 상태
A5: 3000 | B5: 센터 | C5: 펄스건 | D5: 500 | E5: 0 | F5: 3 | I5: 빔 3포대 | K5: 단일 | O5: 확정
A6: 3001 | B6: 센터 | C6: 화염 | D6: 500 | E6: 250 | F6: 3 | I6: 즉사 | K6: 특수 | L6: 60 | M6: 50 | N6: 40 | O6: 확정 | P6: 재사용 60/50/40초는 건설 개수 단계. 화염 특수기는 첫 센터만 사용
A7: 3002 | B7: 센터 | C7: 전격 | D7: 375 | E7: 375 | F7: 3 | I7: 기절 | K7: 특수 | L7: 45 | M7: 35 | N7: 25 | O7: 확정 | P7: 재사용 45/35/25초는 건설 개수 단계. 전격 특수기는 첫 센터만 사용
A8: 3003 | B8: 센터 | C8: 생화학 | D8: 250 | E8: 500 | F8: 3 | I8: 반전 | K8: 특수 | L8: 30 | O8: 확정 | P8: 모든 생화학 센터가 특수기 사용
A9: 3005 | B9: 공격 | C9: 센트리건 | D9: 150 | E9: 0 | G9: 0.4 | H9: 2 | I9: 단일 | J9: 3 | K9: 단일 | O9: 확정
A10: 3006 | B10: 공격 | C10: 레일건 | D10: 150 | E10: 0 | G10: 2.5 | I10: 단일 즉발 | J10: 1 | K10: 단일 | O10: 확정
A11: 3007 | B11: 공격 | C11: 미사일 | D11: 100 | E11: 50 | G11: 1.5 | H11: 1 | I11: 범위 | J11: 2 | K11: 원형 | O11: 확정
A12: 3008 | B12: 공격 | C12: 레이저 | D12: 100 | E12: 50 | G12: 1 | H12: 3 | I12: 범위 | J12: 4 | K12: 직사각형 | O12: 확정
A13: 3009 | B13: 공격 | C13: 블레이드 | D13: 150 | E13: 50 | G13: 0.5 | I13: 범위 즉발 | J13: 5 | K13: 반원 | O13: 확정
A14: 3011 | B14: 지원 | C14: 유물 발굴 | D14: 50 | E14: 0 | I14: 발굴 | K14: 지점 | L14: 60 | O14: 확정
A15: 3012 | B15: 지원 | C15: 증폭 | D15: 200 | E15: 50 | I15: 버프 | K15: 원형 | L15: 90 | O15: 확정
A16: 3013 | B16: 지원 | C16: 재생 | D16: 50 | E16: 200 | F16: 1 | I16: 회복 | K16: 원형 | O16: 확정
A17: 3014 | B17: 지원 | C17: 보급 | D17: 0 | E17: 0 | I17: 보급 | K17: 상호작용 | O17: 확정
A18: 3015 | B18: 지원 | C18: 순간이동 | D18: 250 | E18: 150 | F18: 2 | I18: 이동 | K18: 2개 연결 | L18: 30 | O18: 확정
A22: ID | B22: 타워 | C22: 효과 | D22: 값 | E22: 단위 | F22: 보조값 | G22: 보조 단위 | H22: 상태 | I22: 기준 문서 | J22: 메모
A23: TE001 | B23: 증폭 | C23: 범위 내 타워 공격속도 증가 | D23: 0.2 | E23: 비율 | H23: 확정 | I23: 08 타워 상세 기획 | J23: 중첩 불가
A24: TE002 | B24: 증폭 | C24: 범위 내 러너 이동속도 증가 | D24: 0.1 | E24: 비율 | H24: 확정 | I24: 08 타워 상세 기획 | J24: 중첩 불가
A25: TE003 | B25: 증폭 | C25: 범위 내 러너 무기 공격력 증가 | D25: 0.1 | E25: 비율 | H25: 확정 | I25: 08 타워 상세 기획 | J25: 중첩 불가
A26: TE004 | B26: 증폭 | C26: 범위 이탈 후 유지시간 | D26: 90 | E26: 초 | H26: 확정 | I26: 08 타워 상세 기획
A27: TE005 | B27: 재생 | C27: 저장 회복량 | D27: 100 | E27: HP | H27: 확정 | I27: 08 타워 상세 기획
A28: TE006 | B28: 재생 | C28: 회당 회복량 | D28: 5 | E28: HP | F28: 1 | G28: 초 간격 | H28: 확정 | I28: 08 타워 상세 기획 | J28: 총 20회
A29: TE007 | B29: 재생 | C29: 회복 횟수 | D29: 20 | E29: 회 | H29: 확정 | I29: 08 타워 상세 기획
A30: TE008 | B30: 재생 | C30: 첫 회복 보호막 | D30: 100 | E30: HP | F30: 1 | G30: 회 | H30: 확정 | I30: 08 타워 상세 기획
A31: TE009 | B31: 순간이동 | C31: 사용 대기시간 | D31: 2 | E31: 초 | H31: 확정 | I31: 08 타워 상세 기획 | J31: 양방향, 횟수 제한 없음

Sheet Attribute
A1: Attribute — 속성 확률과 보너스
A2: 확률 합계는 100%가 되어야 합니다. 센터 보너스 재분배와 3개 묶음 피해 보너스는 질문 답변 후 수식화합니다.
A4: ID | B4: 대상 | C4: 조건 | D4: 화염 | E4: 전격 | F4: 생화학 | G4: 빙결 | H4: 합계 | I4: 상태 | J4: 메모
A5: AT001 | B5: 일반 공격 타워 | C5: 기본 | D5: 0.333 | E5: 0.333 | F5: 0.334 | G5: 0 | H5: =SUM(D5:G5) | I5: 확정 | J5: 표시상 각 33.3%
A6: AT002 | B6: 블레이드 | C6: 기본 | D6: 0.3 | E6: 0.3 | F6: 0.3 | G6: 0.1 | H6: =SUM(D6:G6) | I6: 확정
A7: AT003 | B7: 블레이드 | C7: 냉전 보유 | D7: 0.25 | E7: 0.25 | F7: 0.25 | G7: 0.25 | H7: =SUM(D7:G7) | I7: 확정
A11: ID | B11: 규칙 | C11: 값 | D11: 단위 | E11: 적용 대상 | F11: 상태 | G11: 기준 문서 | H11: 메모
A12: AT101 | B12: 속성 센터 대상 확률 증가 | C12: 0.1 | D12: %p | E12: 선택 속성 | F12: 질문 필요 | G12: 08 타워 상세 기획 | H12: 나머지 확률 재분배 방식 질문 | I12: 확정 | J12: +10%p를 선택 속성에 적용하고 나머지 두 속성에서 동일하게 재분배
A13: AT102 | B13: 같은 속성 3개 묶음 피해 증가 | C13: 0.1 | D13: 비율 | E13: 모든 타워 | F13: 질문 필요 | G13: 08 타워 상세 기획 | H13: 속성별 묶음 합산·상한 질문 | I13: 확정 | J13: 속성별 완성 3개 묶음 수를 합산. 센터/지원 제외. 최대치 없음
A14: AT103 | B14: 화염 | E14: 지속 피해 | F14: 추후 입력 | G14: 08 타워 상세 기획 | H14: 피해량·주기
A15: AT104 | B15: 전격 | E15: 이동속도 감소 | F15: 추후 입력 | G15: 08 타워 상세 기획 | H15: 감속률·지속
A16: AT105 | B16: 생화학 | E16: 주변 확산 피해 | F16: 추후 입력 | G16: 08 타워 상세 기획 | H16: 피해 비율·범위
A17: AT106 | B17: 속성 묶음 | C17: 묶음 기준 | D17: 3 | E17: 개 | F17: 확정 | G17: 08 타워 상세 기획 | H17: 동일 속성 공격 타워 3개
A18: AT107 | B18: 속성 묶음 | C18: 묶음당 모든 타워 피해 증가 | D18: 0.1 | E18: 비율 | F18: 확정 | G18: 08 타워 상세 기획 | H18: 속성별 완성 묶음 수 합산, 최대치 없음

Sheet Item
A1: Item — 소모품 데이터
A2: 아이템의 전체 행동은 10 아이템 기획을 기준으로 합니다. 보급품 총 한도는 10개이며 한도 도달 시 구매를 막습니다.
A4: ID | B4: 아이템 | C4: 광물 | D4: 가스 | E4: 지속시간 | F4: 최대 소지 | G4: 해금 조건 | H4: 범위 | I4: 피해 수치 | J4: 효과 주기 | K4: 주파력 상한 제거 | L4: 상태 | M4: 메모
A5: 7000 | B5: 생명선 | C5: 30 | D5: 0 | F5: 3 | G5: 없음 | K5: FALSE | L5: 확정 | M5: 게임 시작 1개
A6: 7001 | B6: 방벽 | C6: 30 | D6: 0 | E6: 2 | F6: 3 | G6: 없음 | H6: 초당 3타일 확장 | K6: FALSE | L6: 확정 | M6: 투사체 파괴
A7: 7002 | B7: 소각기 | C7: 30 | D7: 20 | E7: 10 | F7: 1 | G7: 화염 센터 | H7: 가까운 적 | K7: FALSE | L7: 추후 입력 | M7: 드론 자동 공격
A8: 7003 | B8: 전류탄 | C8: 50 | D8: 0 | E8: 2 | F8: 3 | G8: 전격 센터 | H8: 지름 2타일 | K8: FALSE | L8: 확정 | M8: 투사체 속도 초당 5타일
A9: 7004 | B9: 생분해 장치 | C9: 0 | D9: 60 | E9: 30 | F9: 2 | G9: 생화학 센터 | H9: 모든 활성 사선 | I9: 0.035 | J9: 0.5 | K9: TRUE | L9: 확정 | M9: 대상 최대 체력 비율 피해

Sheet Skill
A1: Skill — 러너 스킬 데이터
A2: 스킬은 세 종류로 확정하며 러너는 한 종류만 장착합니다. 지속형 스킬은 지속 종료 뒤부터 재사용 시간을 계산합니다.
A4: ID | B4: 스킬 | C4: 기력 비용 | D4: 지속시간 | E4: 재사용 | F4: 무적 | G4: 사선 무적 | H4: 공격·장전 증가 | I4: 상태 | J4: 메모
A5: 7100 | B5: 공중제비 | C5: 35 | D5: 1 | E5: 5 | F5: TRUE | G5: TRUE | H5: 0 | I5: 확정 | J5: 시전 속도 유지, 바라보는 방향
A6: 7101 | B6: 유체이탈 | C6: 35 | D6: 15 | E6: 10 | F6: FALSE | G6: TRUE | H6: 0 | I6: 확정 | J6: 재시전 순간이동
A7: 7102 | B7: 신속태세 | C7: 35 | D7: 8 | E7: 15 | F7: FALSE | G7: FALSE | H7: 0.35 | I7: 확정 | J7: 기력 없는 슬라이드 3회

Sheet Weapon
A1: Weapon — 무기 밸런스 입력
A2: 무기는 해금 조건 없이 구매 목록에 등장합니다. 빈 수치 셀은 방향이 없는 것이 아니라 기획자가 추후 입력하기로 한 데이터입니다.
A4: ID | B4: 무기 | C4: 광물 | D4: 가스 | E4: 기본 피해 | F4: 발사 간격 | G4: 탄창 | H4: 장전시간 | I4: 사거리 | J4: 탄속 | K4: 특수 기능 수치 | L4: 최대 소지 | M4: 상태 | N4: 기준 문서
A5: 7200 | B5: 쌍권총 | L5: 1 | M5: 추후 입력 | N5: 12 무기 기획
A6: 7201 | B6: 산탄총 | L6: 1 | M6: 추후 입력 | N6: 12 무기 기획
A7: 7202 | B7: 석궁 | G7: 1 | L7: 1 | M7: 추후 입력 | N7: 12 무기 기획
A8: 7203 | B8: 유탄 발사기 | L8: 1 | M8: 추후 입력 | N8: 12 무기 기획
A9: 7204 | B9: 화염 방사기 | L9: 1 | M9: 추후 입력 | N9: 12 무기 기획

Sheet Monster
A1: Monster — 몬스터 데이터
A2: 행동과 변환 규칙은 07 몬스터 기획을 기준으로 합니다. 체력과 직접 공격 피해는 추후 입력하며 실패 피해는 확정값입니다.
A4: ID | B4: 구역 | C4: 몬스터 | D4: 등급 | E4: 체력 | F4: 접촉 피해 | G4: 이동속도 배수 | H4: 투사체 피해 | I4: 투사체 속도 | J4: 발사 간격 | K4: 실패 피해 | L4: 실패 피해 단위 | M4: 토큰 확률 | N4: 상태 | O4: 메모
A5: 5000 | B5: 외부 | C5: 기간티아 | D5: 배회 | E5: 10000 | G5: 2 | M5: 1 | N5: 확정 | O5: 처치 시 토큰 1개
A6: 5001 | B6: 외부 | C6: 스토커 | D6: 추격 | E6: 1500 | G6: 1.2 | I6: 1 | J6: 2 | N6: 확정 | O6: 러너 위치 직선 투사체, 공격 간격 2초
A7: 5002 | B7: 외부 | C7: 스트라이더 | D7: 배회 | E7: 2500 | G7: 4.5 | N7: 확정 | O7: 정지 후 고정 3타일 슬라이드, 이동속도 최대 4.5
A8: 5003 | B8: 외부 | C8: 라플라시아 | D8: 고정 | I8: 1.5 | J8: 0.75 | N8: 상정 | O8: 고정형 탄막. 상세 패턴은 MonsterPattern 시트
A9: 5100 | B9: 내부 | C9: 워커 | D9: 일반 | E9: 1000 | F9: 10 | G9: 0.75 | K9: 10 | L9: HP | N9: 확정 | O9: 일반 내부 몬스터
A10: 5101 | B10: 내부 | C10: 프레데터 | D10: 정예 | E10: 10000 | F10: 30 | G10: 1 | K10: 30 | L10: HP | M10: 0.3 | N10: 확정 | O10: 정예 내부 몬스터
A11: 5102 | B11: 내부 | C11: 인베이더 | D11: 보스 | E11: 20000 | G11: 0.5 | K11: 0.5 | L11: 러너 최대 HP 비율 | N11: 확정 | O11: 보스. 반전 면역
A12: 5103 | B12: 내부 | C12: 하드워커 | D12: 특수 | E12: 5000 | G12: 0.75 | N12: 확정 | O12: 추후 세부 기능 입력

Sheet Wave
A1: Wave — 등장 시간표
A2: 한 행은 한 번의 등장 이벤트입니다. 절대 시각은 웨이브 시작 시각과 웨이브 내부 오프셋을 더한 수식입니다.
A4: 이벤트 ID | B4: 웨이브 | C4: 웨이브 시작 | D4: 내부 시각 | E4: 절대 시각 | F4: 등급 | G4: 수량 | H4: 상태 | I4: 메모 | J4: 기준 문서
A5: WV001 | B5: 1 | C5: 30 | D5: 0 | E5: =IF(COUNT(C5:D5)<2,"",C5+D5) | F5: 일반 | G5: 5 | H5: 확정 | J5: 06 스테이지 및 웨이브
A6: WV002 | B6: 1 | C6: 30 | D6: 20 | E6: =IF(COUNT(C6:D6)<2,"",C6+D6) | F6: 일반 | G6: 5 | H6: 확정 | J6: 06 스테이지 및 웨이브
A7: WV003 | B7: 1 | C7: 30 | D7: 40 | E7: =IF(COUNT(C7:D7)<2,"",C7+D7) | F7: 일반 | G7: 5 | H7: 확정 | J7: 06 스테이지 및 웨이브
A8: WV004 | B8: 1 | C8: 30 | D8: 60 | E8: =IF(COUNT(C8:D8)<2,"",C8+D8) | F8: 정예 | G8: 3 | H8: 확정 | J8: 06 스테이지 및 웨이브
A9: WV005 | B9: 1 | C9: 30 | D9: 80 | E9: =IF(COUNT(C9:D9)<2,"",C9+D9) | F9: 일반 | G9: 5 | H9: 확정 | J9: 06 스테이지 및 웨이브
A10: WV006 | B10: 1 | C10: 30 | D10: 100 | E10: =IF(COUNT(C10:D10)<2,"",C10+D10) | F10: 일반 | G10: 5 | H10: 확정 | J10: 06 스테이지 및 웨이브
A11: WV007 | B11: 1 | C11: 30 | D11: 120 | E11: =IF(COUNT(C11:D11)<2,"",C11+D11) | F11: 일반 | G11: 5 | H11: 확정 | J11: 06 스테이지 및 웨이브
A12: WV008 | B12: 1 | C12: 30 | D12: 140 | E12: =IF(COUNT(C12:D12)<2,"",C12+D12) | F12: 일반 | G12: 5 | H12: 확정 | J12: 06 스테이지 및 웨이브
A13: WV009 | B13: 1 | C13: 30 | D13: 160 | E13: =IF(COUNT(C13:D13)<2,"",C13+D13) | F13: 일반 | G13: 5 | H13: 확정 | J13: 06 스테이지 및 웨이브
A14: WV010 | B14: 2 | C14: 240 | D14: 0 | E14: =IF(COUNT(C14:D14)<2,"",C14+D14) | F14: 일반 | G14: 10 | H14: 확정 | J14: 06 스테이지 및 웨이브
A15: WV011 | B15: 2 | C15: 240 | D15: 20 | E15: =IF(COUNT(C15:D15)<2,"",C15+D15) | F15: 일반 | G15: 10 | H15: 확정 | J15: 06 스테이지 및 웨이브
A16: WV012 | B16: 2 | C16: 240 | D16: 40 | E16: =IF(COUNT(C16:D16)<2,"",C16+D16) | F16: 일반 | G16: 10 | H16: 확정 | J16: 06 스테이지 및 웨이브
... A61: WV057 | B61: 7 | C61: 1290 | D61: 150 | E61: =IF(COUNT(C61:D61)<2,"",C61+D61) | F61: 일반 | G61: 5 | H61: 확정 | J61: 06 스테이지 및 웨이브
A62: WV058 | B62: 8 | C62: 1500 | E62: =IF(COUNT(C62:D62)<2,"",C62+D62) | H62: 추후 입력 | I62: 기획자 답변 대기 | J62: 06 스테이지 및 웨이브
A63: WV059 | B63: 9 | C63: 1710 | E63: =IF(COUNT(C63:D63)<2,"",C63+D63) | H63: 추후 입력 | I63: 기획자 답변 대기 | J63: 06 스테이지 및 웨이브
A64: WV060 | B64: 10 | C64: 1920 | E64: =IF(COUNT(C64:D64)<2,"",C64+D64) | H64: 추후 입력 | I64: 기획자 답변 대기 | J64: 06 스테이지 및 웨이브
A67: ID | B67: 절대 시각 | C67: 분류 | D67: 단계 | E67: 변화 | F67: 상태 | G67: 기준 문서
A68: MS001 | B68: 635 | C68: 트랙 | D68: 2 | E68: 트랙 확장, 겹친 타워 불능 | F68: 확정 | G68: 06 스테이지 및 웨이브
A69: MS002 | B69: 1265 | C69: 트랙 | D69: 3 | E69: 트랙 확장, 겹친 타워 불능 | F69: 확정 | G69: 06 스테이지 및 웨이브
A70: MS003 | B70: 1895 | C70: 트랙 | D70: 4 | E70: 트랙 확장, 겹친 타워 불능 | F70: 확정 | G70: 06 스테이지 및 웨이브
A71: MS004 | B71: 900 | C71: 난이도 | D71: 2 | E71: 외부 수량 완화, 5웨이브 이후 내부 강화 | F71: 확정 | G71: 06 스테이지 및 웨이브
A72: MS005 | B72: 1500 | C72: 난이도 | D72: 3 | E72: 외부 레벨 약화, 8웨이브 이후 내부 강화 | F72: 확정 | G72: 06 스테이지 및 웨이브
A73: MS006 | B73: 2100 | C73: 난이도 | D73: 4 | E73: 외부 강화, 11웨이브부터 매 라운드 내부 강화 | F73: 확정 | G73: 06 스테이지 및 웨이브

Sheet Map
A1: Map — 지역과 배치 데이터
A2: 지역의 상세 행동은 04·05 기획서를 기준으로 합니다. 스테이지별 생성 수량과 거리 제한은 이 시트에서 조정합니다.
A4: ID | B4: 스테이지 | C4: 테마 | D4: 자연 지형 | E4: 벌레지옥 | F4: 관문 후보 | G4: 성소 최소 | H4: 성소 최대 | I4: 섹터 형태 | J4: 섹터 수 | K4: 상태 | L4: 메모
A5: MP001 | B5: 1 | C5: 모래사막 | D5: 18 | E5: 12 | F5: 16 | G5: 5 | H5: 10 | I5: 정사각형 | K5: 임시 | L5: 1스테이지 최초 테스트 기준
A6: MP002 | B6: 2 | C6: 빙하설원 | D6: 30 | F6: 16 | G6: 5 | H6: 10 | I6: 정사각형 | K6: 상정 | L6: 자연 지형 30개 확정. 섹터 수/크기 추후
A7: MP003 | B7: 3 | C7: 화산지대 | E7: 20 | F7: 16 | G7: 5 | H7: 10 | I7: 정사각형 | K7: 상정 | L7: 벌레지옥 20개 확정. 섹터 수/크기 추후
A11: ID | B11: 대상 | C11: 기준 대상 | D11: 최소 거리 | E11: 단위 | F11: 상태 | G11: 기준 문서 | H11: 메모
A12: MR001 | B12: 벌레지옥 | C12: 시작 영역 | D12: 1 | E12: 섹터 | F12: 확정 | G12: 05 맵 및 레벨 디자인
A13: MR002 | B13: 벌레지옥 | C13: 다른 벌레지옥 | D13: 5 | E13: 타일 | F13: 확정 | G13: 05 맵 및 레벨 디자인
A14: MR003 | B14: 벌레지옥 | C14: 성역 | D14: 0 | E14: 겹침 금지 | F14: 확정 | G14: 05 맵 및 레벨 디자인
A15: MR004 | B15: 자원 | C15: 모든 대상 | D15: 0 | E15: 제한 없음 | F15: 확정 | G15: 05 맵 및 레벨 디자인
A16: MR005 | B16: 자연 지형 | C16: 섹터 | D16: 1 | E16: 개/섹터 | F16: 확정 | G16: 05 맵 및 레벨 디자인 | H16: 1스테이지 기준
A20: ID | B20: 성소 | C20: 즉시 수치 | D20: 단위 | E20: 지속시간 | F20: 최대 이용 | G20: 상태 | H20: 기준 문서 | I20: 메모
A21: 4006 | B21: 오아시스 | C21: 60 | D21: HP 회복 | G21: 확정 | H21: 05 맵 및 레벨 디자인 | I21: 보상 지급과 임시 영역 유지 분리
A22: 4007 | B22: 사원 | C22: 1 | D22: 아이템 또는 무기 | G22: 확정 | H22: 05 맵 및 레벨 디자인 | I22: 보상 지급과 임시 영역 유지 분리
A23: 4008 | B23: 제단 | D23: 각성 | E23: 30 | G23: 확정 | H23: 05 맵 및 레벨 디자인
A24: 4009 | B24: 탑 | C24: 1 | D24: 토큰 | G24: 확정 | H24: 05 맵 및 레벨 디자인 | I24: 보상 지급과 임시 영역 유지 분리

Sheet Artifact
A1: Artifact — 유물 데이터
A2: 한 판에 2개가 생성되고 같은 유물 중복이 가능합니다. 기능 흐름은 13 유물 기획을 기준으로 합니다.
A4: ID | B4: 유물 | C4: 수치 1 | D4: 단위 1 | E4: 수치 2 | F4: 단위 2 | G4: 범위 | H4: 중복 | I4: 토큰 제한 | J4: 상태 | K4: 기준 문서 | L4: 메모
A5: 8000 | B5: 펜타곤 | C5: 5 | D5: 센터 최대 수 | E5: 50 | F5: 이전 광물 | H5: 한 판 내 중복 생성 불가 | J5: 확정 | K5: 13 유물 기획
A6: 8001 | B6: 버스터 콜 | C6: 6 | D6: 지름 타일 | G6: 유대 활성화 | H6: 한 판 내 중복 생성 불가 | J6: 확정 | K6: 13 유물 기획 | L6: 블레이드 제외
A7: 8002 | B7: 태풍의 눈 | C7: 0.33 | D7: 감속률 | G7: 트랙 전체 | H7: 한 판 내 중복 생성 불가 | J7: 상정 | K7: 13 유물 기획 | L7: 내부/내부화 몬스터 이동속도 33% 감소
A8: 8003 | B8: 영역 전개 | G8: 러너 중심 | H8: 한 판 내 중복 생성 불가 | J8: 확정 | K8: 13 유물 기획 | L8: 방벽으로 성소 종류 기억/소환
A9: 8004 | B9: 등골 교환 | C9: 30 | D9: HP 회복 | E9: 10 | F9: 초 | G9: 러너 | H9: 한 판 내 중복 생성 불가 | J9: 확정 | K9: 13 유물 기획 | L9: 각성+무적
A10: 8005 | B10: 배송 로켓 | C10: 0.5 | D10: 지속 증가율 | E10: 1 | F10: 피해 증가율 | G10: 전역 | H10: 한 판 내 중복 생성 불가 | J10: 상정 | K10: 13 유물 기획 | L10: 아이템 지속 +50%, 피해 +100%
A11: 8006 | B11: 스위치 | C11: 0.1 | D11: 타워 피해 비율 | E11: 0.2 | F11: 무기 피해 비율 | G11: 전역 | H11: 한 판 내 중복 생성 불가 | J11: 확정 | K11: 13 유물 기획 | L11: 역할 교환
A12: 8007 | B12: 불씨앗 | C12: 0.45 | D12: 화염 증가율 | E12: 1 | F12: 부활 횟수 | G12: 전역 | H12: 한 판 내 중복 생성 불가 | J12: 상정 | K12: 13 유물 기획 | L12: 화상 및 화염 계열 공격력 +45%
A13: 8008 | B13: 냉전 | C13: 0.6 | D13: 냉병기 증가율 | E13: 0.25 | F13: 빙결 확률 | G13: 유대 활성화 | H13: 한 판 내 중복 생성 불가 | I13: 일반 상품 비활성 | J13: 상정 | K13: 13 유물 기획 | L13: 블레이드·석궁 +60%
A14: 8009 | B14: 먹구름 | C14: 0.3 | D14: 전격·확산 증가율 | E14: 0.3 | F14: 총탄 증가율 | G14: 유대 활성화 | H14: 한 판 내 중복 생성 불가 | J14: 상정 | K14: 13 유물 기획 | L14: 전격·확산·총탄 계열 +30%

Sheet Validation
A1: Validation — 데이터 점검
A2: 다른 시트의 입력값을 참조하는 점검용 수식입니다. 이 시트의 결과 셀은 직접 수정하지 않습니다.
A4: 검사 ID | B4: 검사 항목 | C4: 현재값 | D4: 목표/기준 | E4: 결과 | F4: 설명
A5: CK001 | B5: 광물 총량 | C5: ='Economy'!I5 | D5: 6600 | E5: =IF(ABS(C5-D5)<0.0001,"정상","확인") | F5: Economy 수식 참조
A6: CK002 | B6: 가스 총량 | C6: ='Economy'!I6 | D6: 3300 | E6: =IF(ABS(C6-D6)<0.0001,"정상","확인") | F6: Economy 수식 참조
A7: CK003 | B7: 광물/가스 총량 비율 | C7: =IF(C6=0,"",C5/C6) | D7: 2 | E7: =IF(ABS(C7-D7)<0.0001,"정상","확인") | F7: 초기 경제 목표
A8: CK004 | B8: 일반 타워 속성 확률 합계 | C8: ='Attribute'!H5 | D8: 1 | E8: =IF(ABS(C8-D8)<0.0001,"정상","확인") | F8: Attribute 합계
A9: CK005 | B9: 블레이드 기본 확률 합계 | C9: ='Attribute'!H6 | D9: 1 | E9: =IF(ABS(C9-D9)<0.0001,"정상","확인") | F9: Attribute 합계
A10: CK006 | B10: 냉전 블레이드 확률 합계 | C10: ='Attribute'!H7 | D10: 1 | E10: =IF(ABS(C10-D10)<0.0001,"정상","확인") | F10: Attribute 합계

Sheet Hazard
A1: Hazard — 적대 지형 데이터
A2: 벌레지옥 기능은 04/05 기획서를 기준으로 하고, 이 시트에서는 조정 가능한 수치만 관리합니다.
A4: ID | B4: 항목 | C4: 값 1 | D4: 단위 1 | E4: 값 2 | F4: 단위 2 | G4: 상태 | H4: 기준 문서 | I4: 메모
A5: HZ001 | B5: 전체 지름 | C5: 6 | D5: 타일 | G5: 임시 | H5: 04 영역 사선 자원 기획 | I5: 원형 전체 범위
A6: HZ002 | B6: 실제 발동 지름 | C6: 4 | D6: 타일 | G6: 임시 | H6: 04 영역 사선 자원 기획 | I6: 원형 발동 범위
A7: HZ003 | B7: 끌어당김 속도 | C7: 2 | D7: 속도 | G7: 임시 | H7: 04 영역 사선 자원 기획 | I7: 완전 역방향 이동 시 0으로 수렴
A8: HZ004 | B8: 폭파 시점 | C8: 4 | D8: 초 | G8: 임시 | H8: 04 영역 사선 자원 기획 | I8: 발동 후
A9: HZ005 | B9: 폭파 피해 - 최대 체력 | C9: 0.1 | D9: 비율 | G9: 임시 | H9: 04 영역 사선 자원 기획 | I9: 러너 최대체력 10%
A10: HZ006 | B10: 폭파 피해 - 현재 체력 | C10: 0.3 | D10: 비율 | G10: 임시 | H10: 04 영역 사선 자원 기획 | I10: 러너 현재체력 30%
A11: HZ007 | B11: 발동 중 사선 상태 | C11: 영혼 | D11: 상태 | G11: 확정 | H11: 04 영역 사선 자원 기획 | I11: 사선으로부터 자유
A12: HZ008 | B12: 포인트(1) | C12: 발동 시작 위치 | D12: 위치 | G12: 확정 | H12: 04 영역 사선 자원 기획 | I12: 저장
A13: HZ009 | B13: 포인트(2) | C13: 전체 범위 이탈 위치 | D13: 위치 | G13: 확정 | H13: 04 영역 사선 자원 기획 | I13: 포인트(1)과 연결
A14: HZ010 | B14: 포인트(3) | C14: 폭파 시점 위치 | D14: 위치 | G14: 확정 | H14: 04 영역 사선 자원 기획 | I14: 포인트(1)과 연결

Sheet MonsterPattern
A1: MonsterPattern — 라플라시아 패턴 데이터
A2: 패턴 순서와 시간 조정값만 관리하며 행동 규칙은 07 몬스터 기획을 기준으로 합니다.
A4: ID | B4: 패턴 | C4: 반복 횟수 | D4: 방향 수 | E4: 발사 간격 | F4: 단위 | G4: 상태 | H4: 메모
A5: LP001 | B5: 8각 | C5: 1 | D5: 8 | F5: 초 | G5: 추후 입력 | H5: 8방향 동시 발사
A6: LP002 | B6: 십자 | C6: 4 | D6: 4 | E6: 0.25 | F6: 초 | G6: 확정 | H6: + 형태, 각 횟수 간 0.25초
A7: LP003 | B7: X자 | C7: 4 | D7: 4 | E7: 0.25 | F7: 초 | G7: 확정 | H7: X 형태, 각 횟수 간 0.25초
A8: LP004 | B8: 회전 | C8: 1 | D8: 16 | E8: 0.15 | F8: 초 | G8: 확정 | H8: 좌/우 지점에서 시작해 위/아래로 진행
A9: LP005 | B9: 패턴 순서 | C9: 1 | G9: 확정 | H9: 8각 → 십자 4회 → X자 4회 → 회전 → 8각
A10: LP006 | B10: 패턴 간 대기 | E10: 1.5 | F10: 초 | G10: 확정 | H10: 각 패턴 첫 발동 후 다음 패턴까지
A11: LP007 | B11: 라플라시아 크기 | C11: 3 | D11: 타일 지름 | G11: 확정 | H11: 센터 타워와 동일
A12: LP008 | B12: 접촉 시 공격 정지 | C12: TRUE | G12: 확정 | H12: 러너와 맞닿으면 영구 정지 + 경직
A13: LP009 | B13: 접촉 후 영역화 토큰 | C13: 2 | D13: 개 | G13: 확정 | H13: 경직 후 영역화 시 확정 지급

Sheet ChangeLog
A1: ChangeLog — 0.50v → 0.60v
A3: 변경 | B3: 영역 | C3: 내용 | D3: 근거 | E3: 상태
A4: CH001 | B4: 질문 반영 | C4: 속성 3개 묶음 보너스 확정: 센터/지원 제외, 최대 제한 없음 | D4: Q1 | E4: 반영
A5: CH002 | B5: 질문 반영 | C5: 센터 속성 확률 +10%p 재분배 확정 | D5: Q2 | E5: 반영
A6: CH003 | B6: 질문 반영 | C6: 센터 재사용 단계/특수기 사용 규칙 확정 | D6: Q3 | E6: 반영
A7: CH004 | B7: 질문 반영 | C7: 주파력 30→60→90→120 확정 | D7: Q4 | E7: 반영
A8: CH005 | B8: 질문 반영 | C8: 미네랄/가스 1000 누적 해금 및 판 초기화 | D8: Q5 | E8: 반영
A9: CH006 | B9: 질문 반영 | C9: 나침반/뱃지 판당 1회, 왜곡 50%, 격리 보류 | D9: Q6 | E9: 반영
A10: CH007 | B10: 질문 반영 | C10: 유물 한 판 내 중복 생성 불가, 폐기 토큰 2 | D10: Q7 | E10: 반영
A11: CH008 | B11: 질문 반영 | C11: 유물 상정 수치 반영 | D11: Q8 | E11: 상정
A12: CH009 | B12: 질문 반영 | C12: 배송 로켓 보급 예외 및 생명선 즉시 소지 | D12: Q9 | E12: 반영
A13: CH010 | B13: 질문 반영 | C13: 즉시 보상 성소의 임시 영역 유지 | D13: Q10 | E13: 반영
A14: CH011 | B14: 미확정 유지 | C14: 8~10웨이브 및 11웨이브 이후 강화폭 | D14: Q11 | E14: 추후
... A16: CH013 | B16: 추가 기획 편입 | C16: 벌레지옥/라플라시아/몬스터 추가 데이터를 별도 데이터화 | D16: 추가 txt | E16: 반영
